{"keyset": {"lweSecretKeys": [{"id": 0, "params": {"lweDimension": 2308, "integerPrecision": 64, "keyType": "binary"}}], "lweBootstrapKeys": [], "lweKeyswitchKeys": [], "packingKeyswitchKeys": []}, "circuits": [{"inputs": [{"rawInfo": {"shape": {"dimensions": [1, 10, 3]}, "integerPrecision": 64, "isSigned": false}, "typeInfo": {"lweCiphertext": {"abstractShape": {"dimensions": [1, 10]}, "concreteShape": {"dimensions": [1, 10, 3]}, "integerPrecision": 64, "encryption": {"keyId": 0, "variance": 8.016739158877444e-35, "lweDimension": 2308, "modulus": {"modulus": {"native": {}}}}, "compression": "seed", "encoding": {"integer": {"width": 35, "isSigned": true, "mode": {"native": {}}}}}}}], "outputs": [{"rawInfo": {"shape": {"dimensions": [1, 1, 2309]}, "integerPrecision": 64, "isSigned": false}, "typeInfo": {"lweCiphertext": {"abstractShape": {"dimensions": [1, 1]}, "concreteShape": {"dimensions": [1, 1, 2309]}, "integerPrecision": 64, "encryption": {"keyId": 0, "variance": 8.016739158877444e-35, "lweDimension": 2308, "modulus": {"modulus": {"native": {}}}}, "compression": "none", "encoding": {"integer": {"width": 35, "isSigned": true, "mode": {"native": {}}}}}}}], "name": "inference_to_compile"}], "tfhers_specs": {"input_types_per_func": {"inference_to_compile": [null]}, "output_types_per_func": {"inference_to_compile": [null]}, "input_shapes_per_func": {"inference_to_compile": [null]}, "output_shapes_per_func": {"inference_to_compile": [null]}}}